CODIGO,CATEGORY,BRAND,NAME,PRESENTATION,PRICE,URL
7702011001481,,, MENTA HELADA 18X1X100UND ,BOLSA,2.32,https://svruhyxfrfcafgjyziys.supabase.co/storage/v1/object/public/imagenes-catalogo/7702011001481.png
7591221000144,,,ACEITE DE SOYA IBERIA 1X12X900ML,UNIDAD,3.41,https://svruhyxfrfcafgjyziys.supabase.co/storage/v1/object/public/imagenes-catalogo/7591221000144.png
7591221611258,,,ADOBO COMPLETO IBER 1X12X40G,DISPLAY,9.19,https://svruhyxfrfcafgjyziys.supabase.co/storage/v1/object/public/imagenes-catalogo/7591221611258.png
7591221301258,,,ADOBO COMPLETO IBER 1X6X24X15G,DISPLAY,8.17,https://svruhyxfrfcafgjyziys.supabase.co/storage/v1/object/public/imagenes-catalogo/7591221301258.png
7591221110614,,,ADOBO COMPLETO IBERIA 1X24X185G,UNIDAD,2.12,https://svruhyxfrfcafgjyziys.supabase.co/storage/v1/object/public/imagenes-catalogo/7591221110614.png
7591031001980,,,AGUA MINALBA 1X24X600ML,CAJA,21.99,https://svruhyxfrfcafgjyziys.supabase.co/storage/v1/object/public/imagenes-catalogo/7591031001980.png
7591127363503,,,AGUA NEVADA 1.5L,CAJA,7.65,https://svruhyxfrfcafgjyziys.supabase.co/storage/v1/object/public/imagenes-catalogo/7591127363503.png
7591127363800,,,AGUA NEVADA 600ML,CAJA,11.98,https://svruhyxfrfcafgjyziys.supabase.co/storage/v1/object/public/imagenes-catalogo/7591127363800.png
6973912893609,,,ANILLO MAGICO 24X1X30UND ,DISPLAY,5.59,https://svruhyxfrfcafgjyziys.supabase.co/storage/v1/object/public/imagenes-catalogo/6973912893609.png
7591625000474,,,"AREQUIPE ""CORRAL"" 500G",UNIDAD,5.43,https://svruhyxfrfcafgjyziys.supabase.co/storage/v1/object/public/imagenes-catalogo/7591625000474.jpg
7591625000054,,,"AREQUIPE ""CORRAL"" 5KG",GALON,42.63,https://svruhyxfrfcafgjyziys.supabase.co/storage/v1/object/public/imagenes-catalogo/7591625000054.jpg
7599308000018,,,AREQUIPE PIOTELLO 5KG ,GALON,40.00,https://svruhyxfrfcafgjyziys.supabase.co/storage/v1/object/public/imagenes-catalogo/7599308000018.png
1004567469125,,,AVENA EN HOJUELAS ALVAR.24X1X400GRS,UNIDAD,1.11,https://svruhyxfrfcafgjyziys.supabase.co/storage/v1/object/public/imagenes-catalogo/1004567469125.png
7591014027464,,,AVENA PARMALAT UHT 12X1X1LT,UNIDAD,4.11,https://svruhyxfrfcafgjyziys.supabase.co/storage/v1/object/public/imagenes-catalogo/7591014027464.png
7597786000100,,,AZUCAR DON PACO 20X1X900G,Unidad,1.58,https://svruhyxfrfcafgjyziys.supabase.co/storage/v1/object/public/imagenes-catalogo/7597786000100.png
AZUPULVE250G,,,AZUCAR PULVERIZADA 250GRS,Gramos,1.43,https://svruhyxfrfcafgjyziys.supabase.co/storage/v1/object/public/imagenes-catalogo/AZUPULVE250G.png
AZUPULVE500G,,,AZUCAR PULVERIZADA 500GRS,Gramos,2.85,https://svruhyxfrfcafgjyziys.supabase.co/storage/v1/object/public/imagenes-catalogo/AZUPULVE500G.png
641956819331,,,AZUCAR PULVERIZADA WEPA 1KG,UNIDAD,5.29,https://svruhyxfrfcafgjyziys.supabase.co/storage/v1/object/public/imagenes-catalogo/641956819331.jpg
7591014037869,,,BEBIDA RIKO MALT UHT 12X1X1LT,UNIDAD,4.52,https://svruhyxfrfcafgjyziys.supabase.co/storage/v1/object/public/imagenes-catalogo/7591014037869.png
7702993047880,,,BIANCHI BARRA  DOBLE CHOCO 12X1X12UND ,DISPLAY,4.91,https://svruhyxfrfcafgjyziys.supabase.co/storage/v1/object/public/imagenes-catalogo/7702993047880.png
7702993047972,,,BIANCHI BARRA  MANI CARAMELO 12X1X12UND ,DISPLAY,4.91,https://svruhyxfrfcafgjyziys.supabase.co/storage/v1/object/public/imagenes-catalogo/7702993047972.png
7702993053263,,,BIANCHI BARRA CHOCOCOCO 12X1X12UND ,DISPLAY,4.91,https://svruhyxfrfcafgjyziys.supabase.co/storage/v1/object/public/imagenes-catalogo/7702993053263.png
710497955898,,,BICARB. DE SODIO ARAGUANEY 500G,UNIDAD,7.86,https://svruhyxfrfcafgjyziys.supabase.co/storage/v1/object/public/imagenes-catalogo/710497955898.png
BICAR25G,,,BICARBONATO DE SODIO 25GRS,Gramos,0.47,https://svruhyxfrfcafgjyziys.supabase.co/storage/v1/object/public/imagenes-catalogo/BICAR25G.png
BICAR50G,,,BICARBONATO DE SODIO 50GRS,Gramos,0.92,https://svruhyxfrfcafgjyziys.supabase.co/storage/v1/object/public/imagenes-catalogo/BICAR50G.png
7707014903138,,,BIG BOM CHOCO-CARAMEL  XXL 8X1X48UND,BOLSA,6.25,https://svruhyxfrfcafgjyziys.supabase.co/storage/v1/object/public/imagenes-catalogo/7707014903138.png
7707014958503,,,BIG BOM CROCOCO XXL 8X1X48UND,BOLSA,6.25,https://svruhyxfrfcafgjyziys.supabase.co/storage/v1/object/public/imagenes-catalogo/7707014958503.png
7707014902230,,,BIG BOM DIAMANTE XXL 8X1X48UND,BOLSA,6.25,https://svruhyxfrfcafgjyziys.supabase.co/storage/v1/object/public/imagenes-catalogo/7707014902230.png
7707014902629,,,BIG BOM FRESA STRAWBERRY XXL 8X1X48UND,BOLSA,6.25,https://svruhyxfrfcafgjyziys.supabase.co/storage/v1/object/public/imagenes-catalogo/7707014902629.png
7707014902704,,,BIG BOM MOUTH PAINTER XXL 8X1X48UND,BOLSA,6.25,https://svruhyxfrfcafgjyziys.supabase.co/storage/v1/object/public/imagenes-catalogo/7707014902704.png
7707014902025,,,BIG BOM SANDIA XXL 8X1X48UND,BOLSA,6.25,https://svruhyxfrfcafgjyziys.supabase.co/storage/v1/object/public/imagenes-catalogo/7707014902025.png
7707014902391,,,BIG BOM SCHOOL XXL 8X1X48UND,BOLSA,6.25,https://svruhyxfrfcafgjyziys.supabase.co/storage/v1/object/public/imagenes-catalogo/7707014902391.png
7707014902988,,,BIG BOM TATAMA CHERI  XXL 8X1X48UND,BOLSA,6.25,https://svruhyxfrfcafgjyziys.supabase.co/storage/v1/object/public/imagenes-catalogo/7707014902988.png
7707014902131,,,BIG BOM YOGURT FRESA  XXL 8X1X48UND,BOLSA,6.25,https://svruhyxfrfcafgjyziys.supabase.co/storage/v1/object/public/imagenes-catalogo/7707014902131.png
7707014950392,,,BIG BOM YOGURT MORA  XXL 8X1X48UND,BOLSA   ,6.25,https://svruhyxfrfcafgjyziys.supabase.co/storage/v1/object/public/imagenes-catalogo/7707014950392.png
7707014905187,,,BIG BOM ZOMBIE XXL 8X1X48UND,BOLSA,6.25,https://svruhyxfrfcafgjyziys.supabase.co/storage/v1/object/public/imagenes-catalogo/7707014905187.png
7702011089090,,,BON BON BUM CEREZA INTENSA 15X1X24UND,BOLSA,3.00,https://svruhyxfrfcafgjyziys.supabase.co/storage/v1/object/public/imagenes-catalogo/7702011089090.png
7702011224293,,,BON BON BUM FRESA INTENSA 15X1X24UND,BOLSA,3.00,https://svruhyxfrfcafgjyziys.supabase.co/storage/v1/object/public/imagenes-catalogo/7702011224293.png
7702011075161,,,BON BON BUM MARACUYA 15X1X24UND,BOLSA,3.00,https://svruhyxfrfcafgjyziys.supabase.co/storage/v1/object/public/imagenes-catalogo/7702011075161.png
7702011281180,,,BON BON BUM ROJO FRESA 15X1X24UND,BOLSA,3.00,https://svruhyxfrfcafgjyziys.supabase.co/storage/v1/object/public/imagenes-catalogo/7702011281180.png
7702011242570,,,BON BON BUM SURT  ASSOTED 15X1X24UND ,BOLSA,3.00,https://svruhyxfrfcafgjyziys.supabase.co/storage/v1/object/public/imagenes-catalogo/7702011242570.png
7702011075703,,,BON BON BUM SURT TROPIC 15X1X24UND ,BOLSA,3.00,https://svruhyxfrfcafgjyziys.supabase.co/storage/v1/object/public/imagenes-catalogo/7702011075703.png
CP01,,,CAPACILLO D COLORES Nº10,MILLAR,24.31,https://svruhyxfrfcafgjyziys.supabase.co/storage/v1/object/public/imagenes-catalogo/CP01.png
7707014908287,,,CARAM FRUTAS RELLENAS 20X1X100UND,BOLSA,3.26,https://svruhyxfrfcafgjyziys.supabase.co/storage/v1/object/public/imagenes-catalogo/7707014908287.png
7707014904241,,,CARAMELO FRUTI CANDY 28X1X100UND,BOLSA,2.43,https://svruhyxfrfcafgjyziys.supabase.co/storage/v1/object/public/imagenes-catalogo/7707014904241.png
7708902074190,,,CHANTILLY MASTER TOP 12X1LT,UNIDAD,8.80,https://svruhyxfrfcafgjyziys.supabase.co/storage/v1/object/public/imagenes-catalogo/7708902074190.png
7702993031711,,,CHAO EN LINEA FRESA 12X1X24UND ,DISPLAY,3.42,https://svruhyxfrfcafgjyziys.supabase.co/storage/v1/object/public/imagenes-catalogo/7702993031711.png
7702993031032,,,CHAO EN LINEA MENTA 12X1X24UND ,DISPLAY,3.42,https://svruhyxfrfcafgjyziys.supabase.co/storage/v1/object/public/imagenes-catalogo/7702993031032.png
7702993057513,,,CHAO EN LINEA SURTIDO 12X1X24UND,DISPLAY,3.42,https://svruhyxfrfcafgjyziys.supabase.co/storage/v1/object/public/imagenes-catalogo/7702993057513.png
7702993050828,,,CHAO XTREME CEREZA 24X1X100UND,BOLSA,3.11,https://svruhyxfrfcafgjyziys.supabase.co/storage/v1/object/public/imagenes-catalogo/7702993050828.png
7702993050842,,,CHAO XTREME EUCALYPTUS 24X1X100UND,BOLSA,3.11,https://svruhyxfrfcafgjyziys.supabase.co/storage/v1/object/public/imagenes-catalogo/7702993050842.png
7702993050835,,,CHAO XTREME ORIGINAL  24X1X100UND,BOLSA,3.11,https://svruhyxfrfcafgjyziys.supabase.co/storage/v1/object/public/imagenes-catalogo/7702993050835.png
7591206003924,,,CHEESE TRIS 1X12X50GR,TIRA,10.32,https://svruhyxfrfcafgjyziys.supabase.co/storage/v1/object/public/imagenes-catalogo/7591206003924.png
7591206000381,,,CHEESE TRIS 1X150G,UNIDAD,1.87,https://svruhyxfrfcafgjyziys.supabase.co/storage/v1/object/public/imagenes-catalogo/7591206000381.png
7591206113326,,,CHEESE TRIS XXL 1X450GRS,UNIDAD,5.00,https://svruhyxfrfcafgjyziys.supabase.co/storage/v1/object/public/imagenes-catalogo/7591206113326.png
7591206003856,,,CHEETOS BOLIQUESO 1X12X25G,TIRA,7.71,https://svruhyxfrfcafgjyziys.supabase.co/storage/v1/object/public/imagenes-catalogo/7591206003856.png
7591206003870,,,CHEETOS BOLIQUESO 1X150G,UNIDAD,2.55,https://svruhyxfrfcafgjyziys.supabase.co/storage/v1/object/public/imagenes-catalogo/7591206003870.png
7591206003863,,,CHEETOS BOLIQUESO 1X80G,UNIDAD,1.23,https://svruhyxfrfcafgjyziys.supabase.co/storage/v1/object/public/imagenes-catalogo/7591206003863.png
7591206003474,,,CHEETOS FLAMINT HOT 1X120GR,UNIDAD,1.94,https://svruhyxfrfcafgjyziys.supabase.co/storage/v1/object/public/imagenes-catalogo/7591206003474.png
7591206003467,,,CHEETOS FLAMINT HOT 1X12X38G ,TIRA,10.78,https://svruhyxfrfcafgjyziys.supabase.co/storage/v1/object/public/imagenes-catalogo/7591206003467.png
7591206114675,,,CHEETOS MEGA PUFFS 1X110G,UNIDAD,1.96,https://svruhyxfrfcafgjyziys.supabase.co/storage/v1/object/public/imagenes-catalogo/7591206114675.png
7591206114668,,,CHEETOS MEGA PUFFS 1X12X28G,TIRA,10.32,https://svruhyxfrfcafgjyziys.supabase.co/storage/v1/object/public/imagenes-catalogo/7591206114668.png
7591206114682,,,CHEETOS MEGA PUFFS XXL 1X270G,UNIDAD,4.56,https://svruhyxfrfcafgjyziys.supabase.co/storage/v1/object/public/imagenes-catalogo/7591206114682.png
7591014037692,,,CHICHA EL CHICHERO UHT  12X1X1LT,UNIDAD,4.53,https://svruhyxfrfcafgjyziys.supabase.co/storage/v1/object/public/imagenes-catalogo/7591014037692.png
7591014037975,,,CHICHERO POLVO 24X1X500GRS,UNIDAD,5.91,https://svruhyxfrfcafgjyziys.supabase.co/storage/v1/object/public/imagenes-catalogo/7591014037975.png
7591014037951,,,CHICHERO UHT PRISMA 1X250ML,UNIDAD,1.60,https://svruhyxfrfcafgjyziys.supabase.co/storage/v1/object/public/imagenes-catalogo/7591014037951.png
7897190307575,,,CHICLE GUDS BALL FRUTA 24X1X18UND ,DISPLAY,5.00,https://svruhyxfrfcafgjyziys.supabase.co/storage/v1/object/public/imagenes-catalogo/7897190307575.png
7897190307841,,,CHICLE GUDS BALL MENTA 24X1X18UND ,DISPLAY,5.00,https://svruhyxfrfcafgjyziys.supabase.co/storage/v1/object/public/imagenes-catalogo/7897190307841.png
7861008501950,,,CHICLE PASTILLA TUMIX MENTA 36X1X100UND ,DISPLAY,6.37,https://svruhyxfrfcafgjyziys.supabase.co/storage/v1/object/public/imagenes-catalogo/7861008501950.png
7591127713605,,,CHINOTTO S/CAL 2LT,CAJA,9.00,https://svruhyxfrfcafgjyziys.supabase.co/storage/v1/object/public/imagenes-catalogo/7591127713605.png
7702011201515,,,CHOCO MUUU204G 24X1X6UND,DISPLAY,1.75,https://svruhyxfrfcafgjyziys.supabase.co/storage/v1/object/public/imagenes-catalogo/7702011201515.png
7591016151136,,,CHOCOLATE LECHE SAVOY 1X12X30GRS,DISPLAY,20.00,https://svruhyxfrfcafgjyziys.supabase.co/storage/v1/object/public/imagenes-catalogo/7591016151136.png
7702174087919,,,CHUP KBZOON XXXL FRESA 8X1X48UND ,BOLSA,5.25,https://svruhyxfrfcafgjyziys.supabase.co/storage/v1/object/public/imagenes-catalogo/7702174087919.png
7702174087957,,,CHUP KBZOON XXXL FRUTIMIX MAG8X1X48UND,BOLSA,5.25,https://svruhyxfrfcafgjyziys.supabase.co/storage/v1/object/public/imagenes-catalogo/7702174087957.png
7702174087933,,,CHUP KBZOON XXXL KOLAS 8X1X48UND,BOLSA,5.25,https://svruhyxfrfcafgjyziys.supabase.co/storage/v1/object/public/imagenes-catalogo/7702174087933.png
7702174088206,,,CHUP KBZOON XXXL REC SURTIDO 8X1X48UND,BOLSA,5.25,https://svruhyxfrfcafgjyziys.supabase.co/storage/v1/object/public/imagenes-catalogo/7702174088206.png
7702174084710,,,CHUP KBZOON XXXL RELLENO MAST 8X1X48UND,BOLSA,5.25,https://svruhyxfrfcafgjyziys.supabase.co/storage/v1/object/public/imagenes-catalogo/7702174084710.png
7702174087926,,,CHUP KBZOON XXXL SANDIA 8X1X48UND,BOLSA,5.25,https://svruhyxfrfcafgjyziys.supabase.co/storage/v1/object/public/imagenes-catalogo/7702174087926.png
7707014975531,,,CHUP PINK HEARTS 20X1X50UND,BOLSA,2.55,https://svruhyxfrfcafgjyziys.supabase.co/storage/v1/object/public/imagenes-catalogo/7707014975531.png
6973912895177,,,CHUPA POPPING 20X1X30UND,DISPLAY,4.30,https://svruhyxfrfcafgjyziys.supabase.co/storage/v1/object/public/imagenes-catalogo/6973912895177.png
6973912893357,,,CHUPETA DONUTS 20X1X30UND ,DISPLAY,4.68,https://svruhyxfrfcafgjyziys.supabase.co/storage/v1/object/public/imagenes-catalogo/6973912893357.png
7702011017277,,,CHUPETA TIPITIN LECHE 18X1X50UND,BOLSA,2.77,https://svruhyxfrfcafgjyziys.supabase.co/storage/v1/object/public/imagenes-catalogo/7702011017277.png
7702011138859,,,CHUPETA TIPITIN SURTIDO 18X1X4OUND,BOLSA,2.77,https://svruhyxfrfcafgjyziys.supabase.co/storage/v1/object/public/imagenes-catalogo/7702011138859.png
7591127122520,,,COCA-COLA 1.25 LT,CAJA,4.50,https://svruhyxfrfcafgjyziys.supabase.co/storage/v1/object/public/imagenes-catalogo/7591127122520.png
7591127123527,,,COCA-COLA 1.5LT,CAJA,7.50,https://svruhyxfrfcafgjyziys.supabase.co/storage/v1/object/public/imagenes-catalogo/7591127123527.png
7591127123329,,,COCA-COLA 1LT,CAJA,5.50,https://svruhyxfrfcafgjyziys.supabase.co/storage/v1/object/public/imagenes-catalogo/7591127123329.png
7591127123626,,,COCA-COLA 2LT ,CAJA,9.00,https://svruhyxfrfcafgjyziys.supabase.co/storage/v1/object/public/imagenes-catalogo/7591127123626.png
7591127104540,,,COCA-COLA 355ML,CAJA,10.00,https://svruhyxfrfcafgjyziys.supabase.co/storage/v1/object/public/imagenes-catalogo/7591127104540.png
7591221610398,,,COLOR ONOTO MOLID IBERIA 1X12 UNID 25G,DISPLAY,9.62,https://svruhyxfrfcafgjyziys.supabase.co/storage/v1/object/public/imagenes-catalogo/7591221610398.png
8008,,,COLORANTE LIQ  AZUL TURQUESA 15ML,FRASCO,2.30,https://svruhyxfrfcafgjyziys.supabase.co/storage/v1/object/public/imagenes-catalogo/8008.png
8021,,,COLORANTE LIQ. AMARILLO 1X15ML,UNIDAD,2.30,https://svruhyxfrfcafgjyziys.supabase.co/storage/v1/object/public/imagenes-catalogo/8021.png
8016,,,COLORANTE LIQ. AZUL REY 1X15ML,UNIDAD,2.30,https://svruhyxfrfcafgjyziys.supabase.co/storage/v1/object/public/imagenes-catalogo/8016.png
8002,,,COLORANTE LIQ. FUCSIA 1X15ML,UNIDAD,2.30,https://svruhyxfrfcafgjyziys.supabase.co/storage/v1/object/public/imagenes-catalogo/8002.png
8003,,,COLORANTE LIQ. MORADO  1X15ML,UNIDAD,2.30,https://svruhyxfrfcafgjyziys.supabase.co/storage/v1/object/public/imagenes-catalogo/8003.png
8001,,,COLORANTE LIQ. NEGRO 1X15ML,UNIDAD,2.30,https://svruhyxfrfcafgjyziys.supabase.co/storage/v1/object/public/imagenes-catalogo/8001.png
8010,,,COLORANTE LIQ. ROJO 1X15ML,UNIDAD,2.30,https://svruhyxfrfcafgjyziys.supabase.co/storage/v1/object/public/imagenes-catalogo/8010.png
8015,,,COLORANTE LIQ. ROSADO 1X15ML,UNIDAD,2.30,https://svruhyxfrfcafgjyziys.supabase.co/storage/v1/object/public/imagenes-catalogo/8015.png
8009,,,COLORANTE LIQ. VERDE MANZ. 1X15ML,UNIDAD,2.30,https://svruhyxfrfcafgjyziys.supabase.co/storage/v1/object/public/imagenes-catalogo/8009.png
8011,,,COLORANTE LIQUIDO VERDE GRAMA 15ML,FRASCO,2.30,https://svruhyxfrfcafgjyziys.supabase.co/storage/v1/object/public/imagenes-catalogo/8011.png
7591221118405,,,COMBO SALSAS IBERIA 1X8X3X150CM3,UNIDAD,4.90,https://svruhyxfrfcafgjyziys.supabase.co/storage/v1/object/public/imagenes-catalogo/7591221118405.png
7591221610466,,,COMINO MOLIDO IBER 1X12 UNID 20G,DISPLAY,15.00,https://svruhyxfrfcafgjyziys.supabase.co/storage/v1/object/public/imagenes-catalogo/7591221610466.png
7591221090398,,,COMINO MOLIDO IBERIA 1X24UNID 6G,DISPLAY,8.53,https://svruhyxfrfcafgjyziys.supabase.co/storage/v1/object/public/imagenes-catalogo/7591221090398.png
7591016151556,,,CRI-CRI CHOCOLATE 1X12X27GRS,DISPLAY,20.00,https://svruhyxfrfcafgjyziys.supabase.co/storage/v1/object/public/imagenes-catalogo/7591016151556.png
7591039100050,,,CRONCH FLAKES MAIZORITOS 300GRS,UNIDAD,3.66,https://svruhyxfrfcafgjyziys.supabase.co/storage/v1/object/public/imagenes-catalogo/7591039100050.png
7591206285504,,,DE TODITO RESUELTO 1X110G ,UNIDAD,2.47,https://svruhyxfrfcafgjyziys.supabase.co/storage/v1/object/public/imagenes-catalogo/7591206285504.png
601570683794,,,DISCO BASICO DORADO 25CM1X50UND,UNIDAD,0.64,https://svruhyxfrfcafgjyziys.supabase.co/storage/v1/object/public/imagenes-catalogo/601570683794.png
601570683817,,,DISCO BASICO DORADO 28CM1X50UND,UNIDAD,0.76,https://svruhyxfrfcafgjyziys.supabase.co/storage/v1/object/public/imagenes-catalogo/601570683817.png
0704001247951,,,DISCO BASICO DORADO 30CM1X50UND,UNIDAD,1.00,https://svruhyxfrfcafgjyziys.supabase.co/storage/v1/object/public/imagenes-catalogo/0704001247951.png
003,,,DISCO MDF DORADO 30 CM,UNIDAD,3.43,https://svruhyxfrfcafgjyziys.supabase.co/storage/v1/object/public/imagenes-catalogo/003.png
7591206285627,,,DORITOS DINAMITA FH 1X12X40G,TIRA,12.54,https://svruhyxfrfcafgjyziys.supabase.co/storage/v1/object/public/imagenes-catalogo/7591206285627.png
7591206285634,,,DORITOS DINAMITA FH 1X150G,UNIDAD,2.92,https://svruhyxfrfcafgjyziys.supabase.co/storage/v1/object/public/imagenes-catalogo/7591206285634.png
7591206285603,,,DORITOS DINAMITA LT 1X12X40G,TIRA,12.46,https://svruhyxfrfcafgjyziys.supabase.co/storage/v1/object/public/imagenes-catalogo/7591206285603.png
7591206285610,,,DORITOS DINAMITA LT 1X150G,UNIDAD,2.90,https://svruhyxfrfcafgjyziys.supabase.co/storage/v1/object/public/imagenes-catalogo/7591206285610.png
7591206003252,,,DORITOS MEGA QUESO 1X150G,UNIDAD,3.12,https://svruhyxfrfcafgjyziys.supabase.co/storage/v1/object/public/imagenes-catalogo/7591206003252.png
7591206002521,,,DORITOS MEGA QUESO 6X1X12X45G,TIRA,12.61,https://svruhyxfrfcafgjyziys.supabase.co/storage/v1/object/public/imagenes-catalogo/7591206002521.png
7591206113319,,,DORITOS MEGA QUESO XXL 1X420G,UNIDAD,7.26,https://svruhyxfrfcafgjyziys.supabase.co/storage/v1/object/public/imagenes-catalogo/7591206113319.png
7591014015065,,,EL CHICHERO UHT 12X1X500ML  ,UNIDAD,2.31,https://svruhyxfrfcafgjyziys.supabase.co/storage/v1/object/public/imagenes-catalogo/7591014015065.png
7590308001807,,,ESENCIA  ALMENDRAF16 12X1LT ,BOTELLA,12.56,https://svruhyxfrfcafgjyziys.supabase.co/storage/v1/object/public/imagenes-catalogo/7590308001807.png
7590308002132,,,ESENCIA  AREQUIPEF441 12X1LT ,BOTELLA,14.31,https://svruhyxfrfcafgjyziys.supabase.co/storage/v1/object/public/imagenes-catalogo/7590308002132.png
7590308001630,,,ESENCIA  COCOF10BL 12X1LT,BOTELLA,10.47,https://svruhyxfrfcafgjyziys.supabase.co/storage/v1/object/public/imagenes-catalogo/7590308001630.png
7590308001746,,,ESENCIA  COLITAF13 12X1LT,BOTELLA,11.32,https://svruhyxfrfcafgjyziys.supabase.co/storage/v1/object/public/imagenes-catalogo/7590308001746.png
7590308001227,,,ESENCIA  FLAVORS CHOCOLAT F292 12X500ML,BOTELLA,15.47,https://svruhyxfrfcafgjyziys.supabase.co/storage/v1/object/public/imagenes-catalogo/7590308001227.png
7590308001234,,,ESENCIA  FLAVORS OREOF294 12X500ML,BOTELLA,6.35,https://svruhyxfrfcafgjyziys.supabase.co/storage/v1/object/public/imagenes-catalogo/7590308001234.png
123456,,,ESENCIA  FLAVORS PIÑA COL F093 12X1LT ,BOTELLA,12.51,https://svruhyxfrfcafgjyziys.supabase.co/storage/v1/object/public/imagenes-catalogo/123456.png
7590308001715,,,ESENCIA  FRESA SAMBA F125 12X1LT,BOTELLA,8.24,https://svruhyxfrfcafgjyziys.supabase.co/storage/v1/object/public/imagenes-catalogo/7590308001715.png
7590308001524,,,ESENCIA  MANTECADOF06 12X1LT,BOTELLA,7.84,https://svruhyxfrfcafgjyziys.supabase.co/storage/v1/object/public/imagenes-catalogo/7590308001524.png
7590308001579,,,ESENCIA  NATAF08 12X1LT,BOTELLA,7.58,https://svruhyxfrfcafgjyziys.supabase.co/storage/v1/object/public/imagenes-catalogo/7590308001579.png
7590308001609,,,ESENCIA  PIÑA F09 12X1LT,BOTELLA,12.51,https://svruhyxfrfcafgjyziys.supabase.co/storage/v1/object/public/imagenes-catalogo/7590308001609.png
7590308001302,,,ESENCIA  VAINILLA F001 12X1LT,BOTELLA,6.40,https://svruhyxfrfcafgjyziys.supabase.co/storage/v1/object/public/imagenes-catalogo/7590308001302.png
7590308001975,,,ESENCIA CHOCOLATEF292 12X1LT ,BOTELLA,23.35,https://svruhyxfrfcafgjyziys.supabase.co/storage/v1/object/public/imagenes-catalogo/7590308001975.png
7590308001197,,,ESENCIA COLITA F13 1X 500ML,BOTELLA,7.44,https://svruhyxfrfcafgjyziys.supabase.co/storage/v1/object/public/imagenes-catalogo/7590308001197.png
7590308001258,,,ESENCIA DULCE DE LECHE F421 12X500ML,BOTELLA,8.68,https://svruhyxfrfcafgjyziys.supabase.co/storage/v1/object/public/imagenes-catalogo/7590308001258.png
7590308001111,,,ESENCIA FLAVORS  BANANAF05 12X500ML,BOTELLA,6.86,https://svruhyxfrfcafgjyziys.supabase.co/storage/v1/object/public/imagenes-catalogo/7590308001111.png
7590308001166,,,ESENCIA FRESA F121 500ML,BOTELLA,5.00,https://svruhyxfrfcafgjyziys.supabase.co/storage/v1/object/public/imagenes-catalogo/7590308001166.png
7590308001678,,,ESENCIA FRESAF121 12X1LT ,BOTELLA,8.02,https://svruhyxfrfcafgjyziys.supabase.co/storage/v1/object/public/imagenes-catalogo/7590308001678.png
7590308001128,,,ESENCIA MANTECADO F06 1X500ML,BOTELLA,4.81,https://svruhyxfrfcafgjyziys.supabase.co/storage/v1/object/public/imagenes-catalogo/7590308001128.png
7590308001470,,,ESENCIA MANTEQUILLA F04 12X1LT ,BOTELLA,6.95,https://svruhyxfrfcafgjyziys.supabase.co/storage/v1/object/public/imagenes-catalogo/7590308001470.png
7590308001135,,,ESENCIA NATA F08 500ML,UNIDAD,4.25,https://svruhyxfrfcafgjyziys.supabase.co/storage/v1/object/public/imagenes-catalogo/7590308001135.png
7590308001241,,,ESENCIA NUTELLAF295 12X500ML,BOTELLA,8.90,https://svruhyxfrfcafgjyziys.supabase.co/storage/v1/object/public/imagenes-catalogo/7590308001241.png
7590308001920,,,ESENCIA RON PASA F252 12X1LT ,BOTELLA,6.70,https://svruhyxfrfcafgjyziys.supabase.co/storage/v1/object/public/imagenes-catalogo/7590308001920.png
7590308001876,,,ESENCIA TUTTI FRUTI F235 12X1LT ,BOTELLA,17.52,https://svruhyxfrfcafgjyziys.supabase.co/storage/v1/object/public/imagenes-catalogo/7590308001876.png
7590308001784,,,ESENCIA UVAF15 12X1LT ,BOTELLA,11.72,https://svruhyxfrfcafgjyziys.supabase.co/storage/v1/object/public/imagenes-catalogo/7590308001784.png
7590308001067,,,ESENCIA VAINILLA 1X500ML,BOTELLA,4.16,https://svruhyxfrfcafgjyziys.supabase.co/storage/v1/object/public/imagenes-catalogo/7590308001067.png
022000159526,,,"EXTRA CHICLES PEPPERMINT 1X10X42,6 GRS",DISPLAY,21.75,https://svruhyxfrfcafgjyziys.supabase.co/storage/v1/object/public/imagenes-catalogo/022000159526.png
22000159540,,,EXTRA CHICLES SPEARMINT 1X12X42.6 GRS,DISPLAY,21.75,https://svruhyxfrfcafgjyziys.supabase.co/storage/v1/object/public/imagenes-catalogo/22000159540.png
7595082003900,,,FESTIVALIN LLUVIA DE COLORES 1X1KG ,Kilogramos,8.60,https://svruhyxfrfcafgjyziys.supabase.co/storage/v1/object/public/imagenes-catalogo/7595082003900.png
022000116031,,,FIVE CHICLES PATILLA PRISM 1X10X40.5G,DISPLAY,28.13,https://svruhyxfrfcafgjyziys.supabase.co/storage/v1/object/public/imagenes-catalogo/022000116031.png
022000105080,,,FIVE CHICLES RAIN SPEARMINT 1X10X40.5 GRS,DISPLAY,28.13,https://svruhyxfrfcafgjyziys.supabase.co/storage/v1/object/public/imagenes-catalogo/022000105080.png
7591039996271,,,FLIPS BOLSA CHOCOLATE 20X1X120GR,UNIDAD,2.68,https://svruhyxfrfcafgjyziys.supabase.co/storage/v1/object/public/imagenes-catalogo/7591039996271.png
7591039996288,,,FLIPS BOLSA DULCE D LECHE 20X1X120GR,UNIDAD,2.68,https://svruhyxfrfcafgjyziys.supabase.co/storage/v1/object/public/imagenes-catalogo/7591039996288.png
7591039504124,,,FLIPS CAJA  CHOCOLATE 24X1X220GR,UNIDAD,4.43,https://svruhyxfrfcafgjyziys.supabase.co/storage/v1/object/public/imagenes-catalogo/7591039504124.png
7591039505121,,,FLIPS CAJA DULCE D LECHE24X1X220GR,UNIDAD,4.43,https://svruhyxfrfcafgjyziys.supabase.co/storage/v1/object/public/imagenes-catalogo/7591039505121.png
7591039504957,,,FLIPS TIRA CHOCOLATE28G 12X1X6UND,TIRA,4.46,https://svruhyxfrfcafgjyziys.supabase.co/storage/v1/object/public/imagenes-catalogo/7591039504957.png
7591039505954,,,FLIPS TIRA DULCE D LECHE 12X1X6X28GR,TIRA,4.46,https://svruhyxfrfcafgjyziys.supabase.co/storage/v1/object/public/imagenes-catalogo/7591039505954.png
7591127853387,,,FRESCOLITA 1L,CAJA,5.50,https://svruhyxfrfcafgjyziys.supabase.co/storage/v1/object/public/imagenes-catalogo/7591127853387.png
7591127853622,,,FRESCOLITA S/CAL 2L,CAJA,9.00,https://svruhyxfrfcafgjyziys.supabase.co/storage/v1/object/public/imagenes-catalogo/7591127853622.png
7591014014983,,,FRICA MANZANA UHT 1X500ML,UNIDAD,1.31,https://svruhyxfrfcafgjyziys.supabase.co/storage/v1/object/public/imagenes-catalogo/7591014014983.png
7591014027433,,,FRICA NARANJADA PET 1X1.5LT,UNIDAD,5.46,https://svruhyxfrfcafgjyziys.supabase.co/storage/v1/object/public/imagenes-catalogo/7591014027433.png
7591014014976,,,FRICA PERA  UHT 1X500ML,UNIDAD,1.31,https://svruhyxfrfcafgjyziys.supabase.co/storage/v1/object/public/imagenes-catalogo/7591014014976.png
7591014024920,,,FRICAJITA DURAZNO 1X250ML,UNIDAD,1.01,https://svruhyxfrfcafgjyziys.supabase.co/storage/v1/object/public/imagenes-catalogo/7591014024920.png
7591014024937,,,FRICAJITA MANZANA 1X250ML,UNIDAD,1.01,https://svruhyxfrfcafgjyziys.supabase.co/storage/v1/object/public/imagenes-catalogo/7591014024937.png
7595082003153,,,FRUTO SECO CUBIERTO D CHOCO.1X1KG,BOLSA,22.50,https://svruhyxfrfcafgjyziys.supabase.co/storage/v1/object/public/imagenes-catalogo/7595082003153.png
6973912894255,,,FRUTTI DONUTS 8X1X24UND,DISPLAY,18.34,https://svruhyxfrfcafgjyziys.supabase.co/storage/v1/object/public/imagenes-catalogo/6973912894255.png
7591031005995,,,GATORADE FRUTAS TROPIC. 1X12X500ML ,CAJA,23.67,https://svruhyxfrfcafgjyziys.supabase.co/storage/v1/object/public/imagenes-catalogo/7591031005995.png
7591031005988,,,GATORADE MANDARINA 1X12X500ML,CAJA,23.67,https://svruhyxfrfcafgjyziys.supabase.co/storage/v1/object/public/imagenes-catalogo/7591031005988.png
7591031100720,,,GATORADE MORA 1X12X500ML,CAJA,23.67,https://svruhyxfrfcafgjyziys.supabase.co/storage/v1/object/public/imagenes-catalogo/7591031100720.png
GLSINSAB001,,,GELATINA SIN SABOR 1KG ,Kilogramos,24.00,https://svruhyxfrfcafgjyziys.supabase.co/storage/v1/object/public/imagenes-catalogo/GLSINSAB001.png
GLSINSAB25G,,,GELATINA SIN SABOR 25GRS,Gramos,1.00,https://svruhyxfrfcafgjyziys.supabase.co/storage/v1/object/public/imagenes-catalogo/GLSINSAB25G.png
GLSINSAB500G,,,GELATINA SIN SABOR 500G,Gramos,12.00,https://svruhyxfrfcafgjyziys.supabase.co/storage/v1/object/public/imagenes-catalogo/GLSINSAB500G.png
GLSINSAB50G,,,GELATINA SIN SABOR 50G ,Gramos,1.30,https://svruhyxfrfcafgjyziys.supabase.co/storage/v1/object/public/imagenes-catalogo/GLSINSAB50G.png
7702011159540,,,GOMITAS BON BON BUM 24X1UNDX80GR,UNIDAD,0.79,https://svruhyxfrfcafgjyziys.supabase.co/storage/v1/object/public/imagenes-catalogo/7702011159540.png
7702011155290,,,GOMITAS GRISSLY CLASICA 24X1UND,UNIDAD,0.68,https://svruhyxfrfcafgjyziys.supabase.co/storage/v1/object/public/imagenes-catalogo/7702011155290.png
7702011158543,,,GOMITAS GRISSLY DELFIN 24X1UND,UNIDAD,0.68,https://svruhyxfrfcafgjyziys.supabase.co/storage/v1/object/public/imagenes-catalogo/7702011158543.png
7702011158536,,,GOMITAS GRISSLY GUSANOS ACIDOS24X1UND ,UNIDAD,0.68,https://svruhyxfrfcafgjyziys.supabase.co/storage/v1/object/public/imagenes-catalogo/7702011158536.png
7702011155337,,,GOMITAS GRISSLY MUNDO MARINO24X1UND,UNIDAD,0.68,https://svruhyxfrfcafgjyziys.supabase.co/storage/v1/object/public/imagenes-catalogo/7702011155337.png
7702011158512,,,GOMITAS GRISSLY SANDIA 24X1UND,UNIDAD,0.68,https://svruhyxfrfcafgjyziys.supabase.co/storage/v1/object/public/imagenes-catalogo/7702011158512.png
GOTCHOCBL100G,,,GOTAS CHOCOLATE BLANCO 100GRS,Gramos,1.77,https://svruhyxfrfcafgjyziys.supabase.co/storage/v1/object/public/imagenes-catalogo/GOTCHOCBL100G.png
GOTCHOBL50G,,,GOTAS CHOCOLATE BLANCO 5OGRS,Gramos,0.88,https://svruhyxfrfcafgjyziys.supabase.co/storage/v1/object/public/imagenes-catalogo/GOTCHOBL50G.png
7591389001373,,,GOTAS CHOCOLATE BLANCO KRON 500G,UNIDAD,6.63,https://svruhyxfrfcafgjyziys.supabase.co/storage/v1/object/public/imagenes-catalogo/7591389001373.png
GOTCHOLE100G,,,GOTAS CHOCOLATE CON LECHE 100GRS,Gramos,1.77,https://svruhyxfrfcafgjyziys.supabase.co/storage/v1/object/public/imagenes-catalogo/GOTCHOLE100G.png
GOTCHOLE50G,,,GOTAS CHOCOLATE CON LECHE 50GRS,Gramos,0.88,https://svruhyxfrfcafgjyziys.supabase.co/storage/v1/object/public/imagenes-catalogo/GOTCHOLE50G.png
7591389001250,,,GOTAS CHOCOLATE CON LECHE KRON 500G,UNIDAD,6.63,https://svruhyxfrfcafgjyziys.supabase.co/storage/v1/object/public/imagenes-catalogo/7591389001250.png
GOTCHOOSC100G,,,GOTAS CHOCOLATE OSCURO 100GRS,Gramos,1.77,https://svruhyxfrfcafgjyziys.supabase.co/storage/v1/object/public/imagenes-catalogo/GOTCHOOSC100G.png
GOTCHOOSC50G,,,GOTAS CHOCOLATE OSCURO 50GRS,Gramos,0.88,https://svruhyxfrfcafgjyziys.supabase.co/storage/v1/object/public/imagenes-catalogo/GOTCHOOSC50G.png
7591389001380,,,GOTAS CHOCOLATE OSCURO KRON 500G ,UNIDAD,6.63,https://svruhyxfrfcafgjyziys.supabase.co/storage/v1/object/public/imagenes-catalogo/7591389001380.png
7591206000770,,,JACKS CHICHARRON 1X12X20G,TIRA,12.94,https://svruhyxfrfcafgjyziys.supabase.co/storage/v1/object/public/imagenes-catalogo/7591206000770.png
7591206003887,,,JACKS CHICHARRON PARRIL. 1X85G,UNIDAD,3.77,https://svruhyxfrfcafgjyziys.supabase.co/storage/v1/object/public/imagenes-catalogo/7591206003887.png
7591014000603,,,JUGO FRICA DURAZNO SLIM 1X 1LT,UNIDAD,2.36,https://svruhyxfrfcafgjyziys.supabase.co/storage/v1/object/public/imagenes-catalogo/7591014000603.png
7591014000627,,,JUGO FRICA MANZANA SLIM 1X 1LT,UNIDAD,2.36,https://svruhyxfrfcafgjyziys.supabase.co/storage/v1/object/public/imagenes-catalogo/7591014000627.png
7861008502445,,,KATABOOM FRESA 30X1X60UND,DISPLAY,5.00,https://svruhyxfrfcafgjyziys.supabase.co/storage/v1/object/public/imagenes-catalogo/7861008502445.png
7861008529404,,,KATABOOM SURTIDO30X1X60UND,DISPLAY,5.00,https://svruhyxfrfcafgjyziys.supabase.co/storage/v1/object/public/imagenes-catalogo/7861008529404.png
7591014013719,,,LA CAMPIÑA LECHE COMPLET. 12X1X400G ,UNIDAD,7.72,https://svruhyxfrfcafgjyziys.supabase.co/storage/v1/object/public/imagenes-catalogo/7591014013719.png
7591014015133,,,LA CAMPIÑA LECHE COMPLET. 12X1X800G ,UNIDAD,14.95,https://svruhyxfrfcafgjyziys.supabase.co/storage/v1/object/public/imagenes-catalogo/7591014015133.png
7591014013597,,,LA CAMPIÑA LECHE COMPLET. 24X1X200G ,UNIDAD,3.64,https://svruhyxfrfcafgjyziys.supabase.co/storage/v1/object/public/imagenes-catalogo/7591014013597.png
7591014014747,,,LA CAMPIÑA LECHE COMPLET. 48X1X125GR,UNIDAD,2.36,https://svruhyxfrfcafgjyziys.supabase.co/storage/v1/object/public/imagenes-catalogo/7591014014747.png
7591127714404,,,LATA  CHINOTTO 355ML,CAJA,10.50,https://svruhyxfrfcafgjyziys.supabase.co/storage/v1/object/public/imagenes-catalogo/7591127714404.png
7591127104403,,,LATA COCA-COLA 355ML,CAJA,10.50,https://svruhyxfrfcafgjyziys.supabase.co/storage/v1/object/public/imagenes-catalogo/7591127104403.png
7591206004150,,,LAYS CLASICA 1X 80G,UNIDAD,2.40,https://svruhyxfrfcafgjyziys.supabase.co/storage/v1/object/public/imagenes-catalogo/7591206004150.png
7591206004143,,,LAYS CLASICA 1X12X30G,TIRA,13.03,https://svruhyxfrfcafgjyziys.supabase.co/storage/v1/object/public/imagenes-catalogo/7591206004143.png
7591014000290,,,LECHE COMPLETA PARMALAT UHT 1X1LT,UNIDAD,2.93,https://svruhyxfrfcafgjyziys.supabase.co/storage/v1/object/public/imagenes-catalogo/7591014000290.png
022000104281,,,LIFE SAVERS CARAMELOS 1X10X32GRS,DISPLAY,18.06,https://svruhyxfrfcafgjyziys.supabase.co/storage/v1/object/public/imagenes-catalogo/022000104281.png
7702993045855,,,LOKIÑO MINISFRUTAL 12X1X12UND,DISPLAY,4.58,https://svruhyxfrfcafgjyziys.supabase.co/storage/v1/object/public/imagenes-catalogo/7702993045855.png
6973912897096,,,LOLLIPOP DINOSAUR CHUPETA 20X1X30UND ,ENVASE,4.68,https://svruhyxfrfcafgjyziys.supabase.co/storage/v1/object/public/imagenes-catalogo/6973912897096.png
6973912893258,,,LOLLIPOP LOVE CHUPETA 20X1X30UND ,ENVASE,4.68,https://svruhyxfrfcafgjyziys.supabase.co/storage/v1/object/public/imagenes-catalogo/6973912893258.png
6973912897072,,,LOLLIPOP SPACE CHUPETA 20X1X30UND ,ENVASE ,4.68,https://svruhyxfrfcafgjyziys.supabase.co/storage/v1/object/public/imagenes-catalogo/6973912897072.png
6973912897058,,,LOLLIPOP ZOO CHUPETA20X1X30 UND ,ENVASE,4.68,https://svruhyxfrfcafgjyziys.supabase.co/storage/v1/object/public/imagenes-catalogo/6973912897058.png
040000514480,,,M&M's MILK CHOCOLATE 1X36X47.9G,DISPLAY,75.69,https://svruhyxfrfcafgjyziys.supabase.co/storage/v1/object/public/imagenes-catalogo/040000514480.jpg
040000001447,,,M&M's PEANUT BUTTER CHOCOLATE 1X24X46.2G,DISPLAY,50.46,https://svruhyxfrfcafgjyziys.supabase.co/storage/v1/object/public/imagenes-catalogo/040000001447.jpg
7592541070060,,,MAIZ COTUFAS ALVAR. 24X1X400G,UNIDAD,1.29,https://svruhyxfrfcafgjyziys.supabase.co/storage/v1/object/public/imagenes-catalogo/7592541070060.png
7591039601540,,,MAIZINA  AMERICANA 400 GRS,UNIDAD,4.14,https://svruhyxfrfcafgjyziys.supabase.co/storage/v1/object/public/imagenes-catalogo/7591039601540.png
7591039601526,,,MAIZINA  AMERICANA 90GRS,UNIDAD,1.08,https://svruhyxfrfcafgjyziys.supabase.co/storage/v1/object/public/imagenes-catalogo/7591039601526.png
7591039657110,,,MAIZINA AMERICANA 200 GRS,UNIDAD,2.18,https://svruhyxfrfcafgjyziys.supabase.co/storage/v1/object/public/imagenes-catalogo/7591039657110.png
7591446002947,,,MALTIN POLAR 1X6X1.5 LTS ,CAJA,11.57,https://svruhyxfrfcafgjyziys.supabase.co/storage/v1/object/public/imagenes-catalogo/7591446002947.png
7591206012834,,,MANI JACKS SALADO 1X175G,UNIDAD,3.09,https://svruhyxfrfcafgjyziys.supabase.co/storage/v1/object/public/imagenes-catalogo/7591206012834.png
7591082000307,,,MARIA SELECTA 36X1X9UNDX250GR,DISPLAY,1.91,https://svruhyxfrfcafgjyziys.supabase.co/storage/v1/object/public/imagenes-catalogo/7591082000307.png
7591082000284,,,MARILU CHOC TUB 24X1X6UNDX216GR,DISPLAY,2.57,https://svruhyxfrfcafgjyziys.supabase.co/storage/v1/object/public/imagenes-catalogo/7591082000284.png
7702011046949,,,MAX COCO WAFER 12X1X10UND,DISPLAY,4.58,https://svruhyxfrfcafgjyziys.supabase.co/storage/v1/object/public/imagenes-catalogo/7702011046949.png
7591221107645,,,MAYONESA IBERIA 1X12X445G,UNIDAD,2.64,https://svruhyxfrfcafgjyziys.supabase.co/storage/v1/object/public/imagenes-catalogo/7591221107645.png
7702011061133,,,MENTA MASTICABLE SNOWMINT 18X1X100UND,BOLSA,3.33,https://svruhyxfrfcafgjyziys.supabase.co/storage/v1/object/public/imagenes-catalogo/7702011061133.png
7702993051030,,,MENTAS CHAO FRESA 24X1X100UND ,BOLSA,3.42,https://svruhyxfrfcafgjyziys.supabase.co/storage/v1/object/public/imagenes-catalogo/7702993051030.png
7702993051054,,,MENTAS CHAO LIMON 24X1X100UND ,BOLSA,3.42,https://svruhyxfrfcafgjyziys.supabase.co/storage/v1/object/public/imagenes-catalogo/7702993051054.png
7702993051047,,,MENTAS CHAO MORA  AZUL 24X1X100UND ,BOLSA,3.42,https://svruhyxfrfcafgjyziys.supabase.co/storage/v1/object/public/imagenes-catalogo/7702993051047.png
7702993051016,,,MENTAS CHAO ORIGINAL 24X1X100UND ,BOLSA,3.42,https://svruhyxfrfcafgjyziys.supabase.co/storage/v1/object/public/imagenes-catalogo/7702993051016.png
7702993051023,,,MENTAS CHAO SANDIA 24X1X100UND ,BOLSA,3.42,https://svruhyxfrfcafgjyziys.supabase.co/storage/v1/object/public/imagenes-catalogo/7702993051023.png
7895144699851,,,MENTOS CARAMELOS FRUTAS 1X12X29.5G ,DISPLAY,6.62,https://svruhyxfrfcafgjyziys.supabase.co/storage/v1/object/public/imagenes-catalogo/7895144699851.png
7895144699844,,,"MENTOS CARAMELOS MENTA 1X12X29,5 GRS",DISPLAY,6.62,https://svruhyxfrfcafgjyziys.supabase.co/storage/v1/object/public/imagenes-catalogo/7895144699844.png
7591221302392,,,MEZCLA COLOR ONOTO IBE 1X24 UNID 6G,DISPLAY,5.91,https://svruhyxfrfcafgjyziys.supabase.co/storage/v1/object/public/imagenes-catalogo/7591221302392.png
040000602057,,,MILKY WAY INDIVIDUAL 1X36X52.2G,DISPLAY,75.69,https://svruhyxfrfcafgjyziys.supabase.co/storage/v1/object/public/imagenes-catalogo/040000602057.png
7591031002017,,,MINALBA 5 LITROS,UNIDAD,5.40,https://svruhyxfrfcafgjyziys.supabase.co/storage/v1/object/public/imagenes-catalogo/7591031002017.png
7591082004084,,,MINI BROWNIES BOL. 1X16UND 175GR ,UNIDAD,2.09,https://svruhyxfrfcafgjyziys.supabase.co/storage/v1/object/public/imagenes-catalogo/7591082004084.png
7702011145857,,,MINI BUM SURTIDO 16X1X100UND ,BOLSA,2.84,https://svruhyxfrfcafgjyziys.supabase.co/storage/v1/object/public/imagenes-catalogo/7702011145857.png
7591221106600,,,MOSTAZA PREPARADA IBERIA 1X24X185G,UNIDAD,1.98,https://svruhyxfrfcafgjyziys.supabase.co/storage/v1/object/public/imagenes-catalogo/7591221106600.png
7702011070371,,,MUUU DE LECHE216G 30X1X18UND ,DISPLAY,1.39,https://svruhyxfrfcafgjyziys.supabase.co/storage/v1/object/public/imagenes-catalogo/7702011070371.png
7591206003955,,,NATUCHIPS AJO Y PEREJIL 1X140G,UNIDAD,3.36,https://svruhyxfrfcafgjyziys.supabase.co/storage/v1/object/public/imagenes-catalogo/7591206003955.png
7591206006925,,,NATUCHIPS PLATANITOS 1X12X42G,TIRA,13.59,https://svruhyxfrfcafgjyziys.supabase.co/storage/v1/object/public/imagenes-catalogo/7591206006925.png
7591206006505,,,NATUCHIPS PLATANITOS 1X150G,UNIDAD,3.41,https://svruhyxfrfcafgjyziys.supabase.co/storage/v1/object/public/imagenes-catalogo/7591206006505.png
7591806884978,,,NATUCHIPS PLATANITOS 1X80G,UNIDAD,1.92,https://svruhyxfrfcafgjyziys.supabase.co/storage/v1/object/public/imagenes-catalogo/7591806884978.png
7591675014216,,,NUCITA  TUBO DOBLE SA 24X1X12UND ,DISPLAY,17.48,https://svruhyxfrfcafgjyziys.supabase.co/storage/v1/object/public/imagenes-catalogo/7591675014216.png
7702011115232,,,NUTTELINI CAJITA 24X1X12UND ,DISPLAY,2.80,https://svruhyxfrfcafgjyziys.supabase.co/storage/v1/object/public/imagenes-catalogo/7702011115232.png
7702011165459,,,NUTTELINI CARAMELO MASTICABLE 16X1X100UND,BOLSA,3.13,https://svruhyxfrfcafgjyziys.supabase.co/storage/v1/object/public/imagenes-catalogo/7702011165459.png
7702993047804,,,OKA LOKA CHICLE EN POLVO12X1X12UND ,DISPLAY,3.13,https://svruhyxfrfcafgjyziys.supabase.co/storage/v1/object/public/imagenes-catalogo/7702993047804.png
7702993049099,,,OKA LOKA NANOS  BOLSA 12X1X24X288G,BOLSA,5.07,https://svruhyxfrfcafgjyziys.supabase.co/storage/v1/object/public/imagenes-catalogo/7702993049099.png
7591206285252,,,PEPITO 1X12X25G,TIRA,8.03,https://svruhyxfrfcafgjyziys.supabase.co/storage/v1/object/public/imagenes-catalogo/7591206285252.png
7591206285269,,,PEPITO 1X80G,UNIDAD,1.32,https://svruhyxfrfcafgjyziys.supabase.co/storage/v1/object/public/imagenes-catalogo/7591206285269.png
7591206285276,,,PEPITO XXL 1X180G,UNIDAD,2.71,https://svruhyxfrfcafgjyziys.supabase.co/storage/v1/object/public/imagenes-catalogo/7591206285276.png
7591221090787,,,PIMIENTA NEGRA MOL IBERIA 1X6X24X3G,DISPLAY,7.29,https://svruhyxfrfcafgjyziys.supabase.co/storage/v1/object/public/imagenes-catalogo/7591221090787.png
7591221611159,,,PIMIENTA NEGRA MOLI IBER 1X12X20G,DISPLAY,18.53,https://svruhyxfrfcafgjyziys.supabase.co/storage/v1/object/public/imagenes-catalogo/7591221611159.png
2506210030502,,,PITILLOS ESTAMPADOS PARA TOPPER,UNIDAD,1.80,https://svruhyxfrfcafgjyziys.supabase.co/storage/v1/object/public/imagenes-catalogo/2506210030502.png
736372444646,,,PUFFY PIMIENTA CON LIMON1X12X25GRS,TIRA,3.69,https://svruhyxfrfcafgjyziys.supabase.co/storage/v1/object/public/imagenes-catalogo/736372444646.png
736372444516,,,RAPIDO SABOR QUESO 1X12X17 GRS,TIRA,4.02,https://svruhyxfrfcafgjyziys.supabase.co/storage/v1/object/public/imagenes-catalogo/736372444516.png
7591206285429,,,RAQUETY PICANTE 1X36G,UNIDAD,0.88,https://svruhyxfrfcafgjyziys.supabase.co/storage/v1/object/public/imagenes-catalogo/7591206285429.png
7591206285412,,,RAQUETY QUESO 1X36G,UNIDAD,0.88,https://svruhyxfrfcafgjyziys.supabase.co/storage/v1/object/public/imagenes-catalogo/7591206285412.png
9002490100070,,,RED BULL BEBIDA ENERGETICA 1X24X250ML,CAJA,81.00,https://svruhyxfrfcafgjyziys.supabase.co/storage/v1/object/public/imagenes-catalogo/9002490100070.png
7591014015089,,,RIKO MALT UHT 12X1X500ML,UNIDAD,2.45,https://svruhyxfrfcafgjyziys.supabase.co/storage/v1/object/public/imagenes-catalogo/7591014015089.png
7798040463369,,,RING POP SABORES SURT. 1X12X10G ,DISPLAY,6.09,https://svruhyxfrfcafgjyziys.supabase.co/storage/v1/object/public/imagenes-catalogo/7798040463369.png
7591206114378,,,RUFFLES QUESO 1X125G ,UNIDAD,3.84,https://svruhyxfrfcafgjyziys.supabase.co/storage/v1/object/public/imagenes-catalogo/7591206114378.png
7591221611272,,,SABROSEADOR COMPLET IBER 1X12X30G,DISPLAY,9.48,https://svruhyxfrfcafgjyziys.supabase.co/storage/v1/object/public/imagenes-catalogo/7591221611272.png
7591221106273,,,SABROSEADOR IBERIA 1X24X180G,UNIDAD,2.90,https://svruhyxfrfcafgjyziys.supabase.co/storage/v1/object/public/imagenes-catalogo/7591221106273.png
75905071,,,SALSA DE TOMATE 1X24X397G,UNIDAD,2.19,https://svruhyxfrfcafgjyziys.supabase.co/storage/v1/object/public/imagenes-catalogo/75905071.png
7591016173435,,,SAMBA FRESA 1X20X32GRS,DISPLAY,25.60,https://svruhyxfrfcafgjyziys.supabase.co/storage/v1/object/public/imagenes-catalogo/7591016173435.png
7591014008456,,,SANTAL LIGHT DURAZNO 1X500ML ,UNIDAD,1.93,https://svruhyxfrfcafgjyziys.supabase.co/storage/v1/object/public/imagenes-catalogo/7591014008456.png
7591014008463,,,SANTAL LIGHT MANZ. 1X1.5LT,UNIDAD,4.13,https://svruhyxfrfcafgjyziys.supabase.co/storage/v1/object/public/imagenes-catalogo/7591014008463.png
001,,,SEMIDRUM REDONDO DORADO NRO25,UNIDAD,3.80,https://svruhyxfrfcafgjyziys.supabase.co/storage/v1/object/public/imagenes-catalogo/001.jpg
002,,,SEMIDRUM REDONDO DORADO NRO35,UNIDAD,4.29,https://svruhyxfrfcafgjyziys.supabase.co/storage/v1/object/public/imagenes-catalogo/002.jpg
04010508,,,SNICKERS ALMENDRA 1X24X49.9G,DISPLAY,50.46,https://svruhyxfrfcafgjyziys.supabase.co/storage/v1/object/public/imagenes-catalogo/04010508.png
040000514268,,,SNICKERS ORIG. INDIVIDUAL 1X48X52.7G,DISPLAY,100.93,https://svruhyxfrfcafgjyziys.supabase.co/storage/v1/object/public/imagenes-catalogo/040000514268.png
7702011167248,,,SNOWMINTKRASH340G 18X1X100UND,BOLSA,2.84,https://svruhyxfrfcafgjyziys.supabase.co/storage/v1/object/public/imagenes-catalogo/7702011167248.png
7591082007153,,,SODA EL SOL 12X1X10UNDX240GR ,DISPLAY ,2.01,https://svruhyxfrfcafgjyziys.supabase.co/storage/v1/object/public/imagenes-catalogo/7591082007153.png
7702993044094,,,TRULULU CHOCOLORES360G 12X1X12UND,DISPLAY,7.71,https://svruhyxfrfcafgjyziys.supabase.co/storage/v1/object/public/imagenes-catalogo/7702993044094.png
7986171123836,,,VELA S HAPPY APOLO ,UNIDAD,1.20,https://svruhyxfrfcafgjyziys.supabase.co/storage/v1/object/public/imagenes-catalogo/7986171123836.png
7986171124116,,,VELAS CUMPLE ESPIRALES,UNIDAD,1.60,https://svruhyxfrfcafgjyziys.supabase.co/storage/v1/object/public/imagenes-catalogo/7986171124116.png
7986171123837,,,VELAS LARGAS CANDLES,UNIDAD,1.40,https://svruhyxfrfcafgjyziys.supabase.co/storage/v1/object/public/imagenes-catalogo/7986171123837.png
6986172231586,,,VELAS TORNEADAS DORADAS ,UNIDAD,1.60,https://svruhyxfrfcafgjyziys.supabase.co/storage/v1/object/public/imagenes-catalogo/6986172231586.png
7702011074805,,,WAFER COLOMBINA CHCOCOLATE24X1X24UND ,UNIDAD,1.93,https://svruhyxfrfcafgjyziys.supabase.co/storage/v1/object/public/imagenes-catalogo/7702011074805.png
7702011074812,,,WAFER COLOMBINA FRESA 24X1X24UND,DISPLAY,1.93,https://svruhyxfrfcafgjyziys.supabase.co/storage/v1/object/public/imagenes-catalogo/7702011074812.png
7702011026408,,,WAFER COLOMBINA VAINILLA 24X1X24UND,DISPLAY,1.93,https://svruhyxfrfcafgjyziys.supabase.co/storage/v1/object/public/imagenes-catalogo/7702011026408.png