CODIGO;CATEGORIA;MARCA;NOMBRE;PRESENTACION;PRECIO
"7702011159540";"VARIOS";"GENERICO";"GOMITAS BON BON BUM 24X1UNDX80GR";"UNIDAD";"0.79"
"7707014905187";"VARIOS";"GENERICO";"BIG BOM ZOMBIE XXL 8X1X48UND";"BOLSA";"6.25"
"7707014902230";"VARIOS";"GENERICO";"BIG BOM DIAMANTE XXL 8X1X48UND";"BOLSA";"6.25"
"7707014902391";"VARIOS";"GENERICO";"BIG BOM SCHOOL XXL 8X1X48UND";"BOLSA";"6.25"
"7707014950392";"VARIOS";"GENERICO";"BIG BOM YOGURT MORA  XXL 8X1X48UND";"BOLSA";"6.25"
"7707014902025";"VARIOS";"GENERICO";"BIG BOM SANDIA XXL 8X1X48UND";"BOLSA";"6.25"
"7707014902704";"VARIOS";"GENERICO";"BIG BOM MOUTH PAINTER XXL 8X1X48UND";"BOLSA";"6.25"
"7861008502445";"VARIOS";"GENERICO";"KATABOOM FRESA 30X1X60UND";"BOLSA";"5.00"
"7707014902131";"VARIOS";"GENERICO";"BIG BOM YOGURT FRESA  XXL 8X1X48UND";"BOLSA";"6.25"
"7707014903138";"VARIOS";"GENERICO";"BIG BOM CHOCO-CARAMEL  XXL 8X1X48UND";"BOLSA";"6.25"
"7707014902988";"VARIOS";"GENERICO";"BIG BOM TATAMA CHERI  XXL 8X1X48UND";"BOLSA";"6.25"
"7707014958503";"VARIOS";"GENERICO";"BIG BOM CROCOCO XXL 8X1X48UND";"BOLSA";"6.25"
"7707014902629";"VARIOS";"GENERICO";"BIG BOM FRESA STRAWBERRY XXL 8X1X48UND";"BOLSA";"6.25"
"7702011089090";"VARIOS";"GENERICO";"BON BON BUM CEREZA INTENSA 15X1X24UND";"BOLSA";"3.00"
"7702011281180";"VARIOS";"GENERICO";"BON BON BUM ROJO FRESA 15X1X24UND";"BOLSA";"3.00"
"7702011224293";"VARIOS";"GENERICO";"BON BON BUM FRESA INTENSA 15X1X24UND";"BOLSA";"3.00"
"7702011075161";"VARIOS";"GENERICO";"BON BON BUM MARACUYA 15X1X24UND";"BOLSA";"3.00"
"7702011242570";"VARIOS";"GENERICO";"BON BON BUM SURT  ASSOTED 15X1X24UND";"BOLSA";"3.00"
"7702011075703";"VARIOS";"GENERICO";"BON BON BUM SURT TROPIC 15X1X24UND";"BOLSA";"3.00"
"7702993050828";"VARIOS";"GENERICO";"CHAO XTREME CEREZA 24X1X100UND";"BOLSA";"3.11"
"7702993050835";"VARIOS";"GENERICO";"CHAO XTREME ORIGINAL  24X1X100UND";"BOLSA";"3.11"
"7702993031032";"VARIOS";"GENERICO";"CHAO EN LINEA MENTA 12X1X24UND";"BOLSA";"3.42"
"7897190307575";"VARIOS";"GENERICO";"CHICLE GUDS BALL FRUTA 24X1X18UND";"DISPLAY";"5.00"
"7897190307841";"VARIOS";"GENERICO";"CHICLE GUDS BALL MENTA 24X1X18UND";"DISPLAY";"5.00"
"7702011001481";"VARIOS";"GENERICO";"MENTA HELADA 18X1X100UND";"BOLSA";"2.32"
"7702011046949";"VARIOS";"GENERICO";"MAX COCO WAFER 12X1X10UND";"DISPLAY";"4.58"
"7702011026408";"VARIOS";"GENERICO";"WAFER COLOMBINA VAINILLA 24X1X24UND";"DISPLAY";"1.93"
"7702011074812";"VARIOS";"GENERICO";"WAFER COLOMBINA FRESA 24X1X24UND";"DISPLAY";"1.93"
"7702993031711";"VARIOS";"GENERICO";"CHAO EN LINEA FRESA 12X1X24UND";"BOLSA";"3.42"
"6973912893609";"VARIOS";"GENERICO";"ANILLO MAGICO 24X1X30UND";"DISPLAY";"5.59"
"7590308002132";"VARIOS";"GENERICO";"ESENCIA  AREQUIPEF441 12X1LT";"BOTELLA";"14.31"
"7861008501950";"VARIOS";"GENERICO";"CHICLE PASTILLA TUMIX MENTA 36X1X100UND";"DISPLAY";"6.37"
"7591082000284";"VARIOS";"GENERICO";"MARILU CHOC TUB 24X1X6UNDX216GR";"DISPLAY";"2.57"
"7861008529404";"VARIOS";"GENERICO";"KATABOOM SURTIDO30X1X60UND";"DISPLAY";"5.00"
"7590308001524";"VARIOS";"GENERICO";"ESENCIA  MANTECADOF06 12X1LT";"BOTELLA";"7.84"
"7590308001302";"VARIOS";"GENERICO";"ESENCIA  VAINILLA F001 12X1LT";"BOTELLA";"6.40"
"7590308001579";"VARIOS";"GENERICO";"ESENCIA  NATAF08 12X1LT";"BOTELLA";"7.21"
"7708902074190";"VARIOS";"GENERICO";"CHANTILLY MASTER TOP 12X1LT";"UNIDAD";"8.80"
"7590308001630";"VARIOS";"GENERICO";"ESENCIA  COCOF10BL 12X1LT";"BOTELLA";"10.47"
"7590308001715";"VARIOS";"GENERICO";"ESENCIA  FRESA SAMBA F125 12X1LT";"BOTELLA";"8.24"
"7590308001609";"VARIOS";"GENERICO";"ESENCIA  PIÑA F09 12X1LT";"BOTELLA";"12.51"
"7590308001746";"VARIOS";"GENERICO";"ESENCIA  COLITAF13 12X1LT";"BOTELLA";"11.32"
"7590308001975";"VARIOS";"GENERICO";"ESENCIA CHOCOLATEF292 12X1LT";"BOTELLA";"23.35"
"7590308001807";"VARIOS";"GENERICO";"ESENCIA  ALMENDRAF16 12X1LT";"BOTELLA";"12.56"
"7590308001876";"VARIOS";"GENERICO";"ESENCIA TUTTI FRUTI F235 12X1LT";"BOTELLA";"17.52"
"7590308001678";"VARIOS";"GENERICO";"ESENCIA FRESAF121 12X1LT";"BOTELLA";"8.02"
"7590308001920";"VARIOS";"GENERICO";"ESENCIA RON PASA F252 12X1LT";"BOTELLA";"6.70"
"7590308001470";"VARIOS";"GENERICO";"ESENCIA MANTEQUILLA F04 12X1LT";"BOTELLA";"6.95"
"7590308001784";"VARIOS";"GENERICO";"ESENCIA UVAF15 12X1LT";"BOTELLA";"11.72"
"123456";"VARIOS";"GENERICO";"ESENCIA  FLAVORS PIÑA COL F093 12X1LT";"BOTELLA";"11.96"
"7590308001241";"VARIOS";"GENERICO";"ESENCIA NUTELLAF295 12X500ML";"BOTELLA";"8.90"
"7590308001258";"VARIOS";"GENERICO";"ESENCIA DULCE DE LECHE F421 12X500ML";"BOTELLA";"8.68"
"7590308001234";"VARIOS";"GENERICO";"ESENCIA  FLAVORS OREOF294 12X500ML";"BOTELLA";"6.35"
"7590308001111";"VARIOS";"GENERICO";"ESENCIA FLAVORS  BANANAF05 12X500ML";"BOTELLA";"6.86"
"7590308001227";"VARIOS";"GENERICO";"ESENCIA  FLAVORS CHOCOLAT F292 12X500ML";"BOTELLA";"15.47"
"7590308001067";"VARIOS";"GENERICO";"ESENCIA VAINILLA 12X500ML";"BOTELLA";"3.95"
"7702011145857";"VARIOS";"GENERICO";"MINI BUM SURTIDO 16X1X100UND";"BOLSA";"2.84"
"7591675014216";"VARIOS";"GENERICO";"NUCITA  TUBO DOBLE SA 24X1X12UND";"DISPLAY";"17.48"
"7591039504124";"VARIOS";"GENERICO";"FLIPS CAJA  CHOCOLATE 24X1X220GR";"UNIDAD";"4.43"
"7591039505121";"VARIOS";"GENERICO";"FLIPS CAJA DULCE D LECHE24X1X220GR";"UNIDAD";"4.43"
"7591039996288";"VARIOS";"GENERICO";"FLIPS BOLSA DULCE D LECHE 20X1X120GR";"UNIDAD";"2.68"
"7591039996271";"VARIOS";"GENERICO";"FLIPS BOLSA CHOCOLATE 20X1X120GR";"UNIDAD";"2.68"
"7591039504957";"VARIOS";"GENERICO";"FLIPS TIRA CHOCOLATE28G 12X1X6UND";"TIRA";"4.46"
"7591039505954";"VARIOS";"GENERICO";"FLIPS TIRA DULCE D LECHE 12X1X6X28GR";"TIRA";"4.46"
"7702011070371";"VARIOS";"GENERICO";"MUUU DE LECHE216G 30X1X18UND";"DISPLAY";"1.39"
"7702993049099";"VARIOS";"GENERICO";"OKA LOKA NANOS  BOLSA 12X1X24X288G";"BOLSA";"5.07"
"7702011115232";"VARIOS";"GENERICO";"NUTTELINI CAJITA 24X1X12UND";"DISPLAY";"2.80"
"7702993047804";"VARIOS";"GENERICO";"OKA LOKA CHICLE EN POLVO12X1X12UND";"DISPLAY";"3.13"
"7702993051016";"VARIOS";"GENERICO";"MENTAS CHAO ORIGINAL 24X1X100UND";"BOLSA";"3.42"
"7702993051047";"VARIOS";"GENERICO";"MENTAS CHAO MORA  AZUL 24X1X100UND";"BOLSA";"3.42"
"7702993051030";"VARIOS";"GENERICO";"MENTAS CHAO FRESA 24X1X100UND";"BOLSA";"3.42"
"7702993051023";"VARIOS";"GENERICO";"MENTAS CHAO SANDIA 24X1X100UND";"BOLSA";"3.42"
"7702993051054";"VARIOS";"GENERICO";"MENTAS CHAO LIMON 24X1X100UND";"BOLSA";"3.42"
"7702011165459";"VARIOS";"GENERICO";"NUTTELINI CARAMELO MASTICABLE 16X1X100UND";"BOLSA";"3.13"
"6973912897058";"VARIOS";"GENERICO";"LOLLIPOP ZOO CHUPETA 30 UNDS";"POTE";"4.68"
"6973912893258";"VARIOS";"GENERICO";"LOLLIPOP LOVE CHUPETA 30UNDS";"POTE";"4.68"
"6973912897096";"VARIOS";"GENERICO";"LOLLIPOP DINOSAUR CHUPETA 20X1X30UND";"POTE";"4.68"
"6973912897072";"VARIOS";"GENERICO";"LOLLIPOP SPACE CHUPETA 20X1X30UND";"POTE";"4.68"
"7702993044094";"VARIOS";"GENERICO";"TRULULU CHOCOLORES360G 12X1X12UND";"DISPLAY";"7.71"
"6973912893357";"VARIOS";"GENERICO";"CHUPETA DONUTS 20X1X30UND";"DISPLAY";"4.68"
"7702993057513";"VARIOS";"GENERICO";"CHAO EN LINEA SURTIDO 12X1X24UND";"DISPLAY";"3.42"
"7702011158536";"VARIOS";"GENERICO";"GOMITAS GRISSLY GUSANOS ACIDOS24X1UND";"UNIDAD";"0.68"
"7702011158543";"VARIOS";"GENERICO";"GOMITAS GRISSLY DELFIN 24X1UND";"UNIDAD";"0.68"
"7702011155337";"VARIOS";"GENERICO";"GOMITAS GRISSLY MUNDO MARINO24X1UND";"UNIDAD";"0.68"
"7702011155290";"VARIOS";"GENERICO";"GOMITAS GRISSLY CLASICA 24X1UND";"UNIDAD";"0.68"
"7702011158512";"VARIOS";"GENERICO";"GOMITAS GRISSLY SANDIA 24X1UND";"UNIDAD";"0.68"
"6973912894255";"VARIOS";"GENERICO";"FRUTTI DONUTS 8X1X24UND";"DISPLAY";"18.34"
"7702993053263";"VARIOS";"GENERICO";"BIANCHI BARRA CHOCOCOCO 12X1X12UND";"DISPLAY";"4.91"
"7702993047972";"VARIOS";"GENERICO";"BIANCHI BARRA  MANI CARAMELO 12X1X12UND";"DISPLAY";"4.91"
"7702993047880";"VARIOS";"GENERICO";"BIANCHI BARRA  DOBLE CHOCO 12X1X12UND";"DISPLAY";"4.91"
"7702011201515";"VARIOS";"GENERICO";"CHOCO MUUU204G 6 UNDS";"DISPLAY";"1.75"
"7702011061133";"VARIOS";"GENERICO";"MENTA MASTICABLE SNOWMINT 18X1X100UND";"BOLSA";"3.33"
"7707014904241";"VARIOS";"GENERICO";"CARAMELO FRUTI CANDY 28X1X100UND";"BOLSA";"2.43"
"7702993045855";"VARIOS";"GENERICO";"LOKIÑO MINISFRUTAL 12X1X12UND";"DISPLAY";"4.58"
"6973912895177";"VARIOS";"GENERICO";"CHUPA POPPING 20X1X30UND";"DISPLAY";"4.30"
"7702011138859";"VARIOS";"GENERICO";"CHUPETA TIPITIN SURTIDO 18X1X4OUND";"BOLSA";"2.77"
"7702011017277";"VARIOS";"GENERICO";"CHUPETA TIPITIN LECHE 18X1X50UND";"BOLSA";"2.77"
"7707014908287";"VARIOS";"GENERICO";"CARAM FRUTAS RELLENAS 20X1X100UND";"BOLSA";"3.26"
"7702174087926";"VARIOS";"GENERICO";"CHUP KBZOON XXXL SANDIA 8X1X48UND";"BOLSA";"5.25"
"7702174087933";"VARIOS";"GENERICO";"CHUP KBZOON XXXL KOLAS 8X1X48UND";"BOLSA";"5.25"
"7702174087957";"VARIOS";"GENERICO";"CHUP KBZOON XXXL FRUTIMIX MAG8X1X48UND";"BOLSA";"5.25"
"7591082007153";"VARIOS";"GENERICO";"SODA EL SOL 12X1X10UNDX240GR";"DISPLAY";"2.01"
"7702174084710";"VARIOS";"GENERICO";"CHUP KBZOON XXXL RELLENO MAST 8X1X48UND";"BOLSA";"5.25"
"7702174088206";"VARIOS";"GENERICO";"CHUP KBZOON XXXL REC SURTIDO 8X1X48UND";"BOLSA";"5.25"
"7702174087919";"VARIOS";"GENERICO";"CHUP KBZOON XXXL FRESA 8X1X48UND";"BOLSA";"5.25"
"7702993050842";"VARIOS";"GENERICO";"CHAO XTREME EUCALYPTUS 24X1X100UND";"BOLSA";"3.11"
"7702011167248";"VARIOS";"GENERICO";"SNOWMINTKRASH340G 18X1X100UND";"BOLSA";"2.84"
"7707014975531";"VARIOS";"GENERICO";"CHUP PINK HEARTS 20X1X50UND";"BOLSA";"2.55"
"7591082000307";"VARIOS";"GENERICO";"MARIA SELECTA 36X1X9UNDX250GR";"DISPLAY";"1.91"
"7591206114668";"VARIOS";"GENERICO";"CHEETOS MEGA PUFFS 1X12X28G";"TIRA";"10.32"
"7591206113326";"VARIOS";"GENERICO";"CHEESE TRIS XXL 1X450GRS";"UNIDAD";"5.00"
"7591206000381";"VARIOS";"GENERICO";"CHEESE TRIS 1X150G";"UNIDAD";"1.87"
"1004567469125";"VARIOS";"GENERICO";"AVENA EN HOJUELAS ALVAR.24X1X400GRS";"BOLSA";"1.11"
"7592541070060";"VARIOS";"GENERICO";"MAIZ COTUFAS ALVAR. 24X1X400G";"UNIDAD";"1.29"
"7597786000100";"VARIOS";"GENERICO";"AZUCAR DON PACO 20X1X900G";"Unidad";"1.58"
"7591206114675";"VARIOS";"GENERICO";"CHEETOS MEGA PUFFS 1X110G";"UNIDAD";"1.96"
"7591206003474";"VARIOS";"GENERICO";"CHEETOS FLAMINT HOT 1X120GR";"UNIDAD";"1.94"
"7591206003467";"VARIOS";"GENERICO";"CHEETOS FLAMINT HOT 1X12X38G";"TIRA";"10.78"
"7591206003863";"VARIOS";"GENERICO";"CHEETOS BOLIQUESO 1X80G";"UNIDAD";"1.23"
"7591206003856";"VARIOS";"GENERICO";"CHEETOS BOLIQUESO 1X12X25G";"TIRA";"7.71"
"7591206003870";"VARIOS";"GENERICO";"CHEETOS BOLIQUESO 1X150G";"UNIDAD";"2.55"
"7591206003924";"VARIOS";"GENERICO";"CHEESE TRIS 1X12X50GR";"TIRA";"10.32"
"7591206003252";"VARIOS";"GENERICO";"DORITOS MEGA QUESO 1X150G";"UNIDAD";"3.12"
"7591206114682";"VARIOS";"GENERICO";"CHEETOS MEGA PUFFS XXL 1X270G";"UNIDAD";"4.56"
"7591206002521";"VARIOS";"GENERICO";"DORITOS MEGA QUESO 6X1X12X45G";"TIRA";"12.61"
"7591206000770";"VARIOS";"GENERICO";"JACKS CHICHARRON 1X12X20G";"TIRA";"12.94"
"7591206285504";"VARIOS";"GENERICO";"DE TODITO RESUELTO 1X110G";"UNIDAD";"2.47"
"7591206285627";"VARIOS";"GENERICO";"DORITOS DINAMITA FH 1X12X40G";"TIRA";"12.54"
"7591206285634";"VARIOS";"GENERICO";"DORITOS DINAMITA FH 1X150G";"UNIDAD";"2.92"
"7591206285603";"VARIOS";"GENERICO";"DORITOS DINAMITA LT 1X12X40G";"TIRA";"12.46"
"7591206285610";"VARIOS";"GENERICO";"DORITOS DINAMITA LT 1X150G";"UNIDAD";"2.90"
"7591206006505";"VARIOS";"GENERICO";"NATUCHIPS PLATANITOS 1X150G";"UNIDAD";"3.41"
"7591206012834";"VARIOS";"GENERICO";"MANI JACKS SALADO 1X175G";"UNIDAD";"3.09"
"7591206113319";"VARIOS";"GENERICO";"DORITOS MEGA QUESO XXL 1X420G";"UNIDAD";"7.26"
"7591206006925";"VARIOS";"GENERICO";"NATUCHIPS PLATANITOS 1X12X42G";"TIRA";"13.59"
"7591806884978";"VARIOS";"GENERICO";"NATUCHIPS PLATANITOS 1X80G";"UNIDAD";"1.92"
"7591206003887";"VARIOS";"GENERICO";"JACKS CHICHARRON PARRIL. 1X85G";"UNIDAD";"3.77"
"7591206003955";"VARIOS";"GENERICO";"NATUCHIPS AJO Y PEREJIL 1X140G";"UNIDAD";"3.36"
"7591206004143";"VARIOS";"GENERICO";"LAYS CLASICA 1X12X30G";"TIRA";"13.03"
"7591206004150";"VARIOS";"GENERICO";"LAYS CLASICA 1X 80G";"UNIDAD";"2.40"
"7591206114378";"VARIOS";"GENERICO";"RUFFLES QUESO 1X125G";"UNIDAD";"3.84"
"7591206285252";"VARIOS";"GENERICO";"PEPITO 1X12X25G";"TIRA";"8.03"
"7591206285269";"VARIOS";"GENERICO";"PEPITO 1X80G";"UNIDAD";"1.32"
"7591206285276";"VARIOS";"GENERICO";"PEPITO XXL 1X180G";"UNIDAD";"2.71"
"7591206285429";"VARIOS";"GENERICO";"RAQUETY PICANTE 1X36G";"UNIDAD";"0.88"
"7591206285412";"VARIOS";"GENERICO";"RAQUETY QUESO 1X36G";"UNIDAD";"0.88"
"7591014027433";"VARIOS";"GENERICO";"FRICA NARANJADA PET 1X1.5LT";"UNIDAD";"5.46"
"7591014008456";"VARIOS";"GENERICO";"SANTAL LIGHT DURAZNO 1X500ML";"UNIDAD";"1.93"
"7591014008463";"VARIOS";"GENERICO";"SANTAL LIGHT MANZ. 1X1.5LT";"UNIDAD";"4.13"
"7591014014976";"VARIOS";"GENERICO";"FRICA PERA  UHT 1X500ML";"UNIDAD";"1.31"
"7591014014983";"VARIOS";"GENERICO";"FRICA MANZANA UHT 1X500ML";"UNIDAD";"1.31"
"7591014024920";"VARIOS";"GENERICO";"FRICAJITA DURAZNO 1X250ML";"UNIDAD";"1.01"
"7591014024937";"VARIOS";"GENERICO";"FRICAJITA MANZANA 1X250ML";"UNIDAD";"1.01"
"7591014000603";"VARIOS";"GENERICO";"JUGO FRICA DURAZNO SLIM 1X 1LT";"UNIDAD";"2.36"
"7591014000627";"VARIOS";"GENERICO";"JUGO FRICA MANZANA SLIM 1X 1LT";"UNIDAD";"2.36"
"7591014015089";"VARIOS";"GENERICO";"RIKO MALT UHT 12X1X500ML";"UNIDAD";"2.45"
"7591014000290";"VARIOS";"GENERICO";"LECHE COMPLETA PARMALAT UHT 1X1LT";"UNIDAD";"2.90"
"7591014013597";"VARIOS";"GENERICO";"LA CAMPIÑA LECHE COMPLET. 24X1X200G";"UNIDAD";"3.64"
"7591014013719";"VARIOS";"GENERICO";"LA CAMPIÑA LECHE COMPLET. 12X1X400G";"UNIDAD";"7.72"
"7591014014747";"VARIOS";"GENERICO";"LA CAMPIÑA LECHE COMPLET. 48X1X125GR";"UNIDAD";"2.36"
"7591014015133";"VARIOS";"GENERICO";"LA CAMPIÑA LECHE COMPLET. 12X1X800G";"UNIDAD";"14.95"
"7591014037869";"VARIOS";"GENERICO";"BEBIDA RIKO MALT UHT 12X1X1LT";"UNIDAD";"4.52"
"7591014015065";"VARIOS";"GENERICO";"EL CHICHERO UHT 12X1X500ML";"UNIDAD";"2.31"
"7591014037692";"VARIOS";"GENERICO";"CHICHA EL CHICHERO UHT  12X1X1LT";"UNIDAD";"4.53"
"7591014027464";"VARIOS";"GENERICO";"AVENA PARMALAT UHT 12X1X1LT";"UNIDAD";"4.08"
"7591014037975";"VARIOS";"GENERICO";"CHICHERO POLVO 24X1X500GRS";"UNIDAD";"5.91"
"7591014037951";"VARIOS";"GENERICO";"CHICHERO UHT PRISMA 1X250ML";"UNIDAD";"1.60"
"7591127122520";"VARIOS";"GENERICO";"COCA-COLA 1.25 LT";"CAJA";"4.50"
"7591127123329";"VARIOS";"GENERICO";"COCA-COLA 1LT";"CAJA";"5.50"
"7591127123527";"VARIOS";"GENERICO";"COCA-COLA 1.5LT";"CAJA";"7.50"
"7591127123626";"VARIOS";"GENERICO";"COCA-COLA 2LT";"CAJA";"9.00"
"7591221107645";"VARIOS";"GENERICO";"MAYONESA IBERIA 1X12X445G";"UNIDAD";"2.62"
"7591221106600";"VARIOS";"GENERICO";"MOSTAZA PREPARADA IBERIA 1X24X185G";"UNIDAD";"1.98"
"7591221000144";"VARIOS";"GENERICO";"ACEITE DE SOYA IBERIA 1X12X900ML";"UNIDAD";"3.41"
"7591221110614";"VARIOS";"GENERICO";"ADOBO COMPLETO IBERIA 1X24X185G";"UNIDAD";"2.12"
"7591221106273";"VARIOS";"GENERICO";"SABROSEADOR IBERIA 1X24X180G";"UNIDAD";"2.90"
"75905071";"VARIOS";"GENERICO";"SALSA DE TOMATE 1X24X397G";"UNIDAD";"2.19"
"7591221118405";"VARIOS";"GENERICO";"COMBO SALSAS IBERIA 1X8X3X150CM3";"COMBO DE 3";"4.90"
"7591221090398";"VARIOS";"GENERICO";"COMINO MOLIDO IBERIA 1X24UNID 6G";"DISPLAY";"8.53"
"7591221090787";"VARIOS";"GENERICO";"PIMIENTA NEGRA MOL IBERIA 1X6X24X3G";"DISPLAY";"7.29"
"7591221301258";"VARIOS";"GENERICO";"ADOBO COMPLETO IBER 1X6X24X15G";"DISPLAY";"8.17"
"7591221302392";"VARIOS";"GENERICO";"MEZCLA COLOR ONOTO IBE 1X24 UNID 6G";"DISPLAY";"5.91"
"7591221610398";"VARIOS";"GENERICO";"COLOR ONOTO MOLID IBERIA 1X12 UNID 25G";"DISPLAY";"9.62"
"7591221610466";"VARIOS";"GENERICO";"COMINO MOLIDO IBER 1X12 UNID 20G";"DISPLAY";"15.00"
"7591221611159";"VARIOS";"GENERICO";"PIMIENTA NEGRA MOLI IBER 1X12X20G";"DISPLAY";"18.53"
"7591221611258";"VARIOS";"GENERICO";"ADOBO COMPLETO IBER 1X12X40G";"DISPLAY";"9.19"
"7591221611272";"VARIOS";"GENERICO";"SABROSEADOR COMPLET IBER 1X12X30G";"DISPLAY";"9.48"
"7591082004084";"VARIOS";"GENERICO";"MINI BROWNIES BOL. 1X16UND 175GR";"UNIDAD";"2.09"
"7986171124116";"VARIOS";"GENERICO";"VELAS CUMPLE ESPIRALES";"UNIDAD";"1.60"
"7986171123836";"VARIOS";"GENERICO";"VELAS HAPPY APOLO";"UNIDAD";"1.20"
"7986171123837";"VARIOS";"GENERICO";"VELAS LARGAS CANDLES";"UNIDAD";"1.40"
"7591625000054";"VARIOS";"GENERICO";"AREQUIPE";"GALON";"42.63"
"7591625000474";"VARIOS";"GENERICO";"AREQUIPE";"UNIDAD";"5.43"
"8021";"VARIOS";"GENERICO";"COLORANTE LIQ. AMARILLO 1X15ML";"UNIDAD";"2.30"
"8016";"VARIOS";"GENERICO";"COLORANTE LIQ. AZUL REY 1X15ML";"UNIDAD";"2.30"
"8010";"VARIOS";"GENERICO";"COLORANTE LIQ. ROJO 1X15ML";"UNIDAD";"2.30"
"8002";"VARIOS";"GENERICO";"COLORANTE LIQ. FUCSIA 1X15ML";"UNIDAD";"2.30"
"8001";"VARIOS";"GENERICO";"COLORANTE LIQ. NEGRO 1X15ML";"UNIDAD";"2.30"
"8003";"VARIOS";"GENERICO";"COLORANTE LIQ. MORADO  1X15ML";"UNIDAD";"2.30"
"8009";"VARIOS";"GENERICO";"COLORANTE LIQ. VERDE MANZ. 1X15ML";"UNIDAD";"2.30"
"8015";"VARIOS";"GENERICO";"COLORANTE LIQ. ROSADO 1X15ML";"UNIDAD";"2.30"
"7798040463369";"VARIOS";"GENERICO";"RING POP SABORES SURT. 1X12X10G";"DISPLAY";"6.09"
"7895144699851";"VARIOS";"GENERICO";"MENTOS CARAMELOS FRUTAS 1X12X29.5G";"DISPLAY";"6.62"
"22000105080";"VARIOS";"GENERICO";"FIVE CHICLES RAIN SPEARMINT 1X10X40.5 GRS";"DISPLAY";"28.13"
"22000116031";"VARIOS";"GENERICO";"FIVE CHICLES PATILLA PRISM 1X10X40.5G";"DISPLAY";"28.13"
"40000602057";"VARIOS";"GENERICO";"MILKY WAY INDIVIDUAL 1X36X52.2G";"DISPLAY";"2.24"
"40000514268";"VARIOS";"GENERICO";"SNICKERS ORIG. INDIVIDUAL 1X48X52.7G";"DISPLAY";"2.24"
"